Date,Value
08/25/15,10000.0
08/26/15,10000.0
08/27/15,10000.0
08/28/15,10000.0
08/29/15,10000.0
08/30/15,10000.0
08/31/15,10000.0
09/01/15,10000.0
09/02/15,10000.0
09/03/15,10000.0
09/04/15,10000.0
09/05/15,10000.0
09/06/15,10000.0
09/07/15,10000.0
09/08/15,10000.0
09/09/15,10000.0
09/10/15,10000.0
09/11/15,10000.0
09/12/15,10000.0
09/13/15,10000.0
09/14/15,10000.0
09/15/15,10000.0
09/16/15,10000.0
09/17/15,10000.0
09/18/15,10000.0
09/19/15,10000.0
09/20/15,10000.0
09/21/15,10000.0
09/22/15,10000.0
09/23/15,10000.0
09/24/15,10000.0
09/25/15,10000.0
09/26/15,10000.0
09/27/15,10000.0
09/28/15,10000.0
09/29/15,10000.0
09/30/15,10000.0
10/01/15,10000.0
10/02/15,10000.0
10/03/15,10000.0
10/04/15,10000.0
10/05/15,10000.0
10/06/15,10000.0
10/07/15,10000.0
10/08/15,10000.0
10/09/15,10000.0
10/10/15,10000.0
10/11/15,10000.0
10/12/15,10000.0
10/13/15,10000.0
10/14/15,10000.0
10/15/15,10000.0
10/16/15,10000.0
10/17/15,10000.0
10/18/15,10000.0
10/19/15,10000.0
10/20/15,10000.0
10/21/15,10000.0
10/22/15,10000.0
10/23/15,10000.0
10/24/15,10000.0
10/25/15,10000.0
10/26/15,10000.0
10/27/15,10000.0
10/28/15,10000.0
10/29/15,10000.0
10/30/15,10000.0
10/31/15,10000.0
11/01/15,10000.0
11/02/15,10000.0
11/03/15,10000.0
11/04/15,10000.0
11/05/15,10000.0
11/06/15,10000.0
11/07/15,10000.0
11/08/15,10000.0
11/09/15,10000.0
11/10/15,10000.0
11/11/15,10000.0
11/12/15,10000.0
11/13/15,10000.0
11/14/15,10000.0
11/15/15,10000.0
11/16/15,10000.0
11/17/15,10000.0
11/18/15,10000.0
11/19/15,10000.0
11/20/15,10000.0
11/21/15,10000.0
11/22/15,10000.0
11/23/15,10000.0
11/24/15,10000.0
11/25/15,10000.0
11/26/15,10000.0
11/27/15,10000.0
11/28/15,10000.0
11/29/15,10000.0
11/30/15,10000.0
12/01/15,10000.0
12/02/15,10000.0
12/03/15,10000.0
12/04/15,10000.0
12/05/15,10000.0
12/06/15,10000.0
12/07/15,10000.0
12/08/15,10000.0
12/09/15,10000.0
12/10/15,10000.0
12/11/15,10000.0
12/12/15,10000.0
12/13/15,10000.0
12/14/15,10000.0
12/15/15,10000.0
12/16/15,10000.0
12/17/15,10000.0
12/18/15,10000.0
12/19/15,10000.0
12/20/15,10000.0
12/21/15,10000.0
12/22/15,10000.0
12/23/15,10000.0
12/24/15,10000.0
12/25/15,10000.0
12/26/15,10000.0
12/27/15,10000.0
12/28/15,10000.0
12/29/15,10000.0
12/30/15,10000.0
12/31/15,10000.0
01/01/16,10000.0
01/02/16,10000.0
01/03/16,10000.0
01/04/16,10000.0
01/05/16,10000.0
01/06/16,10000.0
01/07/16,10000.0
01/08/16,10000.0
01/09/16,10000.0
01/10/16,10000.0
01/11/16,10000.0
01/12/16,10000.0
01/13/16,10000.0
01/14/16,10000.0
01/15/16,10000.0
01/16/16,10000.0
01/17/16,10000.0
01/18/16,10000.0
01/19/16,10000.0
01/20/16,10000.0
01/21/16,10000.0
01/22/16,10000.0
01/23/16,10000.0
01/24/16,10000.0
01/25/16,10000.0
01/26/16,10000.0
01/27/16,10000.0
01/28/16,10000.0
01/29/16,10000.0
01/30/16,10000.0
01/31/16,10000.0
02/01/16,10000.0
02/02/16,10000.0
02/03/16,10000.0
02/04/16,10000.0
02/05/16,10000.0
02/06/16,10000.0
02/07/16,10000.0
02/08/16,10000.0
02/09/16,10000.0
02/10/16,10000.0
02/11/16,10000.0
02/12/16,10000.0
02/13/16,10000.0
02/14/16,10000.0
02/15/16,10000.0
02/16/16,10000.0
02/17/16,10000.0
02/18/16,10000.0
02/19/16,10000.0
02/20/16,10000.0
02/21/16,10000.0
02/22/16,10000.0
02/23/16,10000.0
02/24/16,10000.0
02/25/16,10000.0
02/26/16,10000.0
02/27/16,10000.0
02/28/16,10000.0
02/29/16,10000.0
03/01/16,10000.0
03/02/16,10000.0
03/03/16,10000.0
03/04/16,10000.0
03/05/16,10000.0
03/06/16,10000.0
03/07/16,10000.0
03/08/16,10000.0
03/09/16,10000.0
03/10/16,10000.0
03/11/16,10000.0
03/12/16,10000.0
03/13/16,10000.0
03/14/16,10000.0
03/15/16,10000.0
03/16/16,10000.0
03/17/16,10000.0
03/18/16,10000.0
03/19/16,10000.0
03/20/16,10000.0
03/21/16,10000.0
03/22/16,10000.0
03/23/16,10000.0
03/24/16,10000.0
03/25/16,10000.0
03/26/16,10000.0
03/27/16,10000.0
03/28/16,10000.0
03/29/16,10000.0
03/30/16,10000.0
03/31/16,10000.0
04/01/16,10000.0
04/02/16,10000.0
04/03/16,10000.0
04/04/16,10000.0
04/05/16,10000.0
04/06/16,10000.0
04/07/16,10000.0
04/08/16,10000.0
04/09/16,10000.0
04/10/16,10000.0
04/11/16,10000.0
04/12/16,10000.0
04/13/16,10000.0
04/14/16,10000.0
04/15/16,10000.0
04/16/16,10000.0
04/17/16,10000.0
04/18/16,10000.0
04/19/16,10000.0
04/20/16,10000.0
04/21/16,10000.0
04/22/16,10000.0
04/23/16,10000.0
04/24/16,10000.0
04/25/16,10000.0
04/26/16,10000.0
04/27/16,10000.0
04/28/16,10000.0
04/29/16,10000.0
04/30/16,10000.0
05/01/16,10000.0
05/02/16,10000.0
05/03/16,10000.0
05/04/16,10000.0
05/05/16,10000.0
05/06/16,10000.0
05/07/16,10000.0
05/08/16,10000.0
05/09/16,10000.0
05/10/16,10000.0
05/11/16,10000.0
05/12/16,10000.0
05/13/16,10000.0
05/14/16,10000.0
05/15/16,10000.0
05/16/16,10000.0
05/17/16,10000.0
05/18/16,10000.0
05/19/16,10000.0
05/20/16,10000.0
05/21/16,10000.0
05/22/16,10000.0
05/23/16,10000.0
05/24/16,10000.0
05/25/16,10000.0
05/26/16,10000.0
05/27/16,10000.0
05/28/16,10000.0
05/29/16,10000.0
05/30/16,10000.0
05/31/16,10000.0
06/01/16,10000.0
06/02/16,10000.0
06/03/16,10000.0
06/04/16,10000.0
06/05/16,10000.0
06/06/16,10000.0
06/07/16,10000.0
06/08/16,10000.0
06/09/16,10000.0
06/10/16,10000.0
06/11/16,10000.0
06/12/16,10000.0
06/13/16,10000.0
06/14/16,10000.0
06/15/16,10000.0
06/16/16,10000.0
06/17/16,10000.0
06/18/16,10000.0
06/19/16,10000.0
06/20/16,10000.0
06/21/16,10000.0
06/22/16,10000.0
06/23/16,10000.0
06/24/16,10000.0
06/25/16,10000.0
06/26/16,10000.0
06/27/16,10000.0
06/28/16,10000.0
06/29/16,10000.0
06/30/16,10000.0
07/01/16,10000.0
07/02/16,10000.0
07/03/16,10000.0
07/04/16,10000.0
07/05/16,10000.0
07/06/16,10000.0
07/07/16,10000.0
07/08/16,10000.0
07/09/16,10000.0
07/10/16,10000.0
07/11/16,10000.0
07/12/16,10000.0
07/13/16,10000.0
07/14/16,10000.0
07/15/16,10000.0
07/16/16,10000.0
07/17/16,10000.0
07/18/16,10000.0
07/19/16,10000.0
07/20/16,10000.0
07/21/16,10000.0
07/22/16,10000.0
07/23/16,10000.0
07/24/16,10000.0
07/25/16,10000.0
07/26/16,10000.0
07/27/16,10000.0
07/28/16,10000.0
07/29/16,10000.0
07/30/16,10000.0
07/31/16,10000.0
08/01/16,10000.0
08/02/16,10000.0
08/03/16,10000.0
08/04/16,10000.0
08/05/16,10000.0
08/06/16,10000.0
08/07/16,10000.0
08/08/16,10000.0
08/09/16,10000.0
08/10/16,10000.0
08/11/16,10000.0
08/12/16,10000.0
08/13/16,10000.0
08/14/16,10000.0
08/15/16,10000.0
08/16/16,10000.0
08/17/16,10000.0
08/18/16,10000.0
08/19/16,10000.0
08/20/16,10000.0
08/21/16,10000.0
08/22/16,10000.0
08/23/16,10000.0
08/24/16,10000.0
08/25/16,10000.0
08/26/16,10000.0
08/27/16,10000.0
08/28/16,10000.0
08/29/16,10000.0
08/30/16,10000.0
08/31/16,10000.0
09/01/16,10000.0
09/02/16,10000.0
09/03/16,10000.0
09/04/16,10000.0
09/05/16,10000.0
09/06/16,10000.0
09/07/16,10000.0
09/08/16,10000.0
09/09/16,10000.0
09/10/16,10000.0
09/11/16,10000.0
09/12/16,10000.0
09/13/16,10000.0
09/14/16,10000.0
09/15/16,10000.0
09/16/16,10000.0
09/17/16,10000.0
09/18/16,10000.0
09/19/16,10000.0
09/20/16,10000.0
09/21/16,10000.0
09/22/16,10000.0
09/23/16,10000.0
09/24/16,10000.0
09/25/16,10000.0
09/26/16,10000.0
09/27/16,10000.0
09/28/16,10000.0
09/29/16,10000.0
09/30/16,10000.0
10/01/16,10000.0
10/02/16,10000.0
10/03/16,10000.0
10/04/16,10000.0
10/05/16,10000.0
10/06/16,10000.0
10/07/16,10000.0
10/08/16,10000.0
10/09/16,10000.0
10/10/16,10000.0
10/11/16,10000.0
10/12/16,10000.0
10/13/16,10000.0
10/14/16,10000.0
10/15/16,10000.0
10/16/16,10000.0
10/17/16,10000.0
10/18/16,10000.0
10/19/16,10000.0
10/20/16,10000.0
10/21/16,10000.0
10/22/16,10000.0
10/23/16,10000.0
10/24/16,10000.0
10/25/16,10000.0
10/26/16,10000.0
10/27/16,10000.0
10/28/16,10000.0
10/29/16,10000.0
10/30/16,10000.0
10/31/16,10000.0
11/01/16,10000.0
11/02/16,10000.0
11/03/16,10000.0
11/04/16,10000.0
11/05/16,10000.0
11/06/16,10000.0
11/07/16,10000.0
11/08/16,10000.0
11/09/16,10000.0
11/10/16,10000.0
11/11/16,10000.0
11/12/16,10000.0
11/13/16,10000.0
11/14/16,10000.0
11/15/16,10000.0
11/16/16,10000.0
11/17/16,10000.0
11/18/16,10000.0
11/19/16,10000.0
11/20/16,10000.0
11/21/16,10000.0
11/22/16,10000.0
11/23/16,10000.0
11/24/16,10000.0
11/25/16,10000.0
11/26/16,10000.0
11/27/16,10000.0
11/28/16,10000.0
11/29/16,10000.0
11/30/16,10000.0
12/01/16,10000.0
12/02/16,10000.0
12/03/16,10000.0
12/04/16,10000.0
12/05/16,10000.0
12/06/16,10000.0
12/07/16,10000.0
12/08/16,10000.0
12/09/16,10000.0
12/10/16,10000.0
12/11/16,10000.0
12/12/16,10000.0
12/13/16,10000.0
12/14/16,10000.0
12/15/16,10000.0
12/16/16,10000.0
12/17/16,10000.0
12/18/16,10000.0
12/19/16,10000.0
12/20/16,10000.0
12/21/16,10000.0
12/22/16,10000.0
12/23/16,10000.0
12/24/16,10000.0
12/25/16,10000.0
12/26/16,10000.0
12/27/16,10000.0
12/28/16,10000.0
12/29/16,10000.0
12/30/16,10000.0
12/31/16,10000.0
01/01/17,10000.0
01/02/17,10000.0
01/03/17,10000.0
01/04/17,10000.0
01/05/17,10000.0
01/06/17,10000.0
01/07/17,10000.0
01/08/17,10000.0
01/09/17,10000.0
01/10/17,10000.0
01/11/17,10000.0
01/12/17,10000.0
01/13/17,10000.0
01/14/17,10000.0
01/15/17,10000.0
01/16/17,10000.0
01/17/17,10000.0
01/18/17,10000.0
01/19/17,10000.0
01/20/17,10000.0
01/21/17,10000.0
01/22/17,10000.0
01/23/17,10000.0
01/24/17,10000.0
01/25/17,10000.0
01/26/17,10000.0
01/27/17,10000.0
01/28/17,10000.0
01/29/17,10000.0
01/30/17,10000.0
01/31/17,10000.0
02/01/17,10000.0
02/02/17,10000.0
02/03/17,10000.0
02/04/17,10000.0
02/05/17,10000.0
02/06/17,10000.0
02/07/17,10000.0
02/08/17,10000.0
02/09/17,10000.0
02/10/17,10000.0
02/11/17,10000.0
02/12/17,10000.0
02/13/17,10000.0
02/14/17,10000.0
02/15/17,10000.0
02/16/17,10000.0
02/17/17,10000.0
02/18/17,10000.0
02/19/17,10000.0
02/20/17,10000.0
02/21/17,10000.0
02/22/17,10000.0
02/23/17,10000.0
02/24/17,10000.0
02/25/17,10000.0
02/26/17,10000.0
02/27/17,10000.0
02/28/17,10000.0
03/01/17,10000.0
03/02/17,10000.0
03/03/17,10000.0
03/04/17,10000.0
03/05/17,10000.0
03/06/17,10000.0
03/07/17,10000.0
03/08/17,10000.0
03/09/17,10000.0
03/10/17,10000.0
03/11/17,10000.0
03/12/17,10000.0
03/13/17,10000.0
03/14/17,10000.0
03/15/17,10000.0
03/16/17,10000.0
03/17/17,10000.0
03/18/17,10000.0
03/19/17,10000.0
03/20/17,10000.0
03/21/17,10000.0
03/22/17,10000.0
03/23/17,10000.0
03/24/17,10000.0
03/25/17,10000.0
03/26/17,10000.0
03/27/17,10000.0
03/28/17,10000.0
03/29/17,10000.0
03/30/17,10000.0
03/31/17,10000.0
04/01/17,10000.0
04/02/17,10000.0
04/03/17,10000.0
04/04/17,10000.0
04/05/17,10000.0
04/06/17,10000.0
04/07/17,10000.0
04/08/17,10000.0
04/09/17,10000.0
04/10/17,10000.0
04/11/17,10000.0
04/12/17,10000.0
04/13/17,10000.0
04/14/17,10000.0
04/15/17,10000.0
04/16/17,10000.0
04/17/17,10000.0
04/18/17,10000.0
04/19/17,10000.0
04/20/17,10000.0
04/21/17,10000.0
04/22/17,10000.0
04/23/17,10000.0
04/24/17,10000.0
04/25/17,10000.0
04/26/17,10000.0
04/27/17,10000.0
04/28/17,10000.0
04/29/17,10000.0
04/30/17,10000.0
05/01/17,10000.0
05/02/17,10000.0
05/03/17,10000.0
05/04/17,10000.0
05/05/17,10000.0
05/06/17,10000.0
05/07/17,10000.0
05/08/17,10000.0
05/09/17,10000.0
05/10/17,10000.0
05/11/17,10000.0
05/12/17,10000.0
05/13/17,10000.0
05/14/17,10000.0
05/15/17,10000.0
05/16/17,10000.0
05/17/17,10000.0
05/18/17,10000.0
05/19/17,10000.0
05/20/17,10000.0
05/21/17,10000.0
05/22/17,10000.0
05/23/17,10000.0
05/24/17,10000.0
05/25/17,10000.0
05/26/17,10000.0
05/27/17,10000.0
05/28/17,10000.0
05/29/17,10000.0
05/30/17,10000.0
05/31/17,10000.0
06/01/17,10000.0
06/02/17,10000.0
06/03/17,10000.0
06/04/17,10000.0
06/05/17,10000.0
06/06/17,10000.0
06/07/17,10000.0
06/08/17,10000.0
06/09/17,10000.0
06/10/17,10000.0
06/11/17,10000.0
06/12/17,10000.0
06/13/17,10000.0
06/14/17,10000.0
06/15/17,10000.0
06/16/17,10000.0
06/17/17,10000.0
06/18/17,10000.0
06/19/17,10000.0
06/20/17,10000.0
06/21/17,10000.0
06/22/17,10000.0
06/23/17,10000.0
06/24/17,10000.0
06/25/17,10000.0
06/26/17,10000.0
06/27/17,10000.0
06/28/17,10000.0
06/29/17,10000.0
06/30/17,10000.0
07/01/17,10000.0
07/02/17,10000.0
07/03/17,10000.0
07/04/17,10000.0
07/05/17,10000.0
07/06/17,10000.0
07/07/17,10000.0
07/08/17,10000.0
07/09/17,10000.0
07/10/17,10000.0
07/11/17,10000.0
07/12/17,10000.0
07/13/17,10000.0
07/14/17,10000.0
07/15/17,10000.0
07/16/17,10000.0
07/17/17,10000.0
07/18/17,10000.0
07/19/17,10000.0
07/20/17,10000.0
07/21/17,10000.0
07/22/17,10000.0
07/23/17,10000.0
07/24/17,10000.0
07/25/17,10000.0
07/26/17,10000.0
07/27/17,10000.0
07/28/17,10000.0
07/29/17,10000.0
07/30/17,10000.0
07/31/17,10000.0
08/01/17,10000.0
08/02/17,10000.0
08/03/17,10000.0
08/04/17,10000.0
08/05/17,10000.0
08/06/17,10000.0
08/07/17,10000.0
08/08/17,10000.0
08/09/17,10000.0
08/10/17,10000.0
08/11/17,10000.0
08/12/17,10000.0
08/13/17,10000.0
08/14/17,10000.0
08/15/17,10000.0
08/16/17,10000.0
08/17/17,10000.0
08/18/17,10000.0
08/19/17,10000.0
08/20/17,10000.0
08/21/17,10000.0
08/22/17,10000.0
08/23/17,10000.0
08/24/17,10000.0
08/25/17,10000.0
08/26/17,10000.0
08/27/17,10000.0
08/28/17,10000.0
08/29/17,10000.0
08/30/17,10000.0
08/31/17,10000.0
09/01/17,10000.0
09/02/17,10000.0
09/03/17,10000.0
09/04/17,10000.0
09/05/17,10000.0
09/06/17,10000.0
09/07/17,10000.0
09/08/17,10000.0
09/09/17,10000.0
09/10/17,10000.0
09/11/17,10000.0
09/12/17,10000.0
09/13/17,10000.0
09/14/17,10000.0
09/15/17,10000.0
09/16/17,10000.0
09/17/17,10000.0
09/18/17,10000.0
09/19/17,10000.0
09/20/17,10000.0
09/21/17,10000.0
09/22/17,10000.0
09/23/17,10000.0
09/24/17,10000.0
09/25/17,10000.0
09/26/17,10000.0
09/27/17,10000.0
09/28/17,10000.0
09/29/17,10000.0
09/30/17,10000.0
10/01/17,10000.0
10/02/17,10000.0
10/03/17,10000.0
10/04/17,10000.0
10/05/17,10000.0
10/06/17,10000.0
10/07/17,10000.0
10/08/17,10000.0
10/09/17,10000.0
10/10/17,10000.0
10/11/17,10000.0
10/12/17,10000.0
10/13/17,10000.0
10/14/17,10000.0
10/15/17,10000.0
10/16/17,10000.0
10/17/17,10000.0
10/18/17,10000.0
10/19/17,10000.0
10/20/17,10000.0
10/21/17,10000.0
10/22/17,10000.0
10/23/17,10000.0
10/24/17,10000.0
10/25/17,10000.0
10/26/17,10000.0
10/27/17,10000.0
10/28/17,10000.0
10/29/17,10000.0
10/30/17,10000.0
10/31/17,10000.0
11/01/17,10000.0
11/02/17,10000.0
11/03/17,10000.0
11/04/17,10000.0
11/05/17,10000.0
11/06/17,10000.0
11/07/17,10000.0
11/08/17,10000.0
11/09/17,10000.0
11/10/17,10000.0
11/11/17,10000.0
11/12/17,10000.0
11/13/17,10000.0
11/14/17,10000.0
11/15/17,10000.0
11/16/17,10000.0
11/17/17,10000.0
11/18/17,10000.0
11/19/17,10000.0
11/20/17,10000.0
11/21/17,10000.0
11/22/17,10000.0
11/23/17,10000.0
11/24/17,10000.0
11/25/17,10000.0
11/26/17,10000.0
11/27/17,10000.0
11/28/17,10000.0
11/29/17,10000.0
11/30/17,10000.0
12/01/17,10000.0
12/02/17,10000.0
12/03/17,10000.0
12/04/17,10000.0
12/05/17,10000.0
12/06/17,10000.0
12/07/17,10000.0
12/08/17,10000.0
12/09/17,10000.0
12/10/17,10000.0
12/11/17,10000.0
12/12/17,10000.0
12/13/17,10000.0
12/14/17,10000.0
12/15/17,10000.0
12/16/17,10000.0
12/17/17,10000.0
12/18/17,10000.0
12/19/17,10000.0
12/20/17,10000.0
12/21/17,10000.0
12/22/17,10000.0
12/23/17,10000.0
12/24/17,10000.0
12/25/17,10000.0
12/26/17,10000.0
12/27/17,10000.0
12/28/17,10000.0
12/29/17,10000.0
12/30/17,10000.0
12/31/17,10000.0
01/01/18,10000.0
01/02/18,10919.059970647328
01/03/18,11273.642624899487
01/04/18,11264.753511199911
01/05/18,12592.043239029383
01/06/18,12756.934438509275
01/07/18,11993.995571064186
01/08/18,11157.875866316655
01/09/18,10714.178917402653
01/10/18,11076.07370451396
01/11/18,9851.540643333798
01/12/18,10251.424303803871
01/13/18,10561.144828581439
01/14/18,10152.17865110117
01/15/18,10121.71762967878
01/16/18,8469.830199331866
01/17/18,8324.785154956964
01/18/18,8282.96540833018
01/19/18,8282.96540833018
01/20/18,9160.585459415883
01/21/18,8287.891306214116
01/22/18,7750.215570376283
01/23/18,7719.5057877898225
01/24/18,7719.5057877898225
01/25/18,7553.33371890796
01/26/18,7595.7129455044715
01/27/18,7595.7129455044715
01/28/18,7754.33548318777
01/29/18,7407.308867111557
01/30/18,8198.045933519576
01/31/18,8079.928414662367
02/01/18,8843.053852083596
02/02/18,8949.33307579242
02/03/18,8692.507102065983
02/04/18,9379.221122091665
02/05/18,10252.978878298702
02/06/18,9680.241628154563
02/07/18,9779.35417094396
02/08/18,9333.593253571318
02/09/18,9045.45286571639
02/10/18,9134.359524011272
02/11/18,9461.505236351742
02/12/18,8909.405372929283
02/13/18,9158.918677791638
02/14/18,8516.578357125405
02/15/18,8166.85759988874
02/16/18,8048.740081031532
02/17/18,8048.740081031532
02/18/18,7555.752032144353
02/19/18,7555.752032144353
02/20/18,7596.60435294108
02/21/18,7066.416833857441
02/22/18,7476.265493716154
02/23/18,7257.998732246995
02/24/18,7579.96857920164
02/25/18,7647.559863155173
02/26/18,7150.745329195165
02/27/18,6987.363096046855
02/28/18,7157.372588652341
03/01/18,6759.581483499896
03/02/18,6673.792286077732
03/03/18,6673.792286077733
03/04/18,6684.445862754591
03/05/18,6658.771151146377
03/06/18,6253.223832743463
03/07/18,6725.975568880798
03/08/18,7092.004940300096
03/09/18,7124.263060812617
03/10/18,7379.978056986814
03/11/18,6946.38856549194
03/12/18,7187.968766994706
03/13/18,7175.390898964064
03/14/18,7726.805333169716
03/15/18,7686.943346216787
03/16/18,7690.739448251069
03/17/18,7922.65154349755
03/18/18,7731.732685272586
03/19/18,7493.417947885333
03/20/18,7314.348059450942
03/21/18,7320.313362647671
03/22/18,7430.59275077725
03/23/18,7304.569160662168
03/24/18,7522.533059186675
03/25/18,7576.821400107064
03/26/18,7754.229400554096
03/27/18,7962.962531766362
03/28/18,7880.911914678202
03/29/18,8373.081499930991
03/30/18,8512.085309905235
03/31/18,8466.240526197815
04/01/18,8533.357476143428
04/02/18,8393.852184180018
04/03/18,8181.882744781841
04/04/18,8541.270395437623
04/05/18,8557.74932684912
04/06/18,8647.176394126784
04/07/18,8480.072099201376
04/08/18,8408.721708277437
04/09/18,8552.84529948993
04/10/18,8520.441399329393
04/11/18,8459.056505143688
04/12/18,7885.944228127642
04/13/18,7901.606793510258
04/14/18,7841.2598504184125
04/15/18,7634.9466613631785
04/16/18,7813.421768833672
04/17/18,7905.134660992197
04/18/18,7740.712711590244
04/19/18,7683.293023830518
04/20/18,7339.433821281179
04/21/18,7304.615810149533
04/22/18,7380.858566060818
04/23/18,7289.314778293989
04/24/18,6880.519489333326
04/25/18,7337.107178098877
04/26/18,7098.32594583798
04/27/18,7304.195964763251
04/28/18,7057.1402796810835
04/29/18,7028.6374429014
04/30/18,7117.1665075473
05/01/18,7219.369703176906
05/02/18,7128.928009549064
05/03/18,6831.2867866060615
05/04/18,6852.19741931718
05/05/18,6778.310462517799
05/06/18,6894.782570095009
05/07/18,7048.73754076956
05/08/18,7160.597180283609
05/09/18,7078.494082522165
05/10/18,7246.140677738184
05/11/18,7601.592277897591
05/12/18,7560.66901510712
05/13/18,7435.310180186982
05/14/18,7448.267075302459
05/15/18,7564.523429000608
05/16/18,7639.395856220563
05/17/18,7802.412489815661
05/18/18,7696.378205036247
05/19/18,7706.681910557872
05/20/18,7539.163601432105
05/21/18,7613.0563894174065
05/22/18,7850.782177026683
05/23/18,8131.373012337975
05/24/18,8082.396881791215
05/25/18,8149.863702892062
05/26/18,8228.695505352074
05/27/18,8222.04795340264
05/28/18,8359.016679490607
05/29/18,8150.872498056318
05/30/18,8205.522372503781
05/31/18,8137.559900599686
06/01/18,8126.294049401169
06/02/18,8050.255384997104
06/03/18,8014.294461425027
06/04/18,8139.90403733975
06/05/18,8064.261893578283
06/06/18,8040.593109926741
06/07/18,8022.6855379647095
06/08/18,8064.186088161315
06/09/18,8137.314990791023
06/10/18,8552.22136259643
06/11/18,8494.23604980241
06/12/18,8682.548367920885
06/13/18,8828.48545795467
06/14/18,8630.983190825396
06/15/18,8779.969991095633
06/16/18,8723.22088971677
06/17/18,8743.344312328614
06/18/18,8595.179709273176
06/19/18,8578.257607731717
06/20/18,8566.56024877508
06/21/18,8588.864534921213
06/22/18,8978.317780183388
06/23/18,8904.302537293754
06/24/18,8918.285721131251
06/25/18,8859.851407021346
06/26/18,8968.08404889281
06/27/18,8928.64190732616
06/28/18,9096.17771000969
06/29/18,8888.639971911138
06/30/18,8782.821441010787
07/01/18,8803.650437119017
07/02/18,8650.296078594281
07/03/18,8711.517699574211
07/04/18,8667.049075744042
07/05/18,8696.53155175838
07/06/18,8659.888379433598
07/07/18,8564.57181437617
07/08/18,8595.704516006026
07/09/18,8618.941791899446
07/10/18,8833.115419575592
07/11/18,8786.151048171425
07/12/18,8865.525150922049
07/13/18,8882.021575891305
07/14/18,8865.466839062843
07/15/18,8804.052788947534
07/16/18,8587.284283536741
07/17/18,8243.436743359243
07/18/18,8206.018023307028
07/19/18,8149.723754429969
07/20/18,8231.698566101162
07/21/18,8185.585547841395
07/22/18,8193.352687487577
07/23/18,8004.993719881739
07/24/18,8004.993719881739
07/25/18,7786.12834456867
07/26/18,7549.840991998013
07/27/18,7794.6916893224
07/28/18,7846.786163691863
07/29/18,7826.782799973474
07/30/18,7772.935649925827
07/31/18,7358.7898176648005
08/01/18,7476.352443861167
08/02/18,7538.877243598077
08/03/18,7652.601129042771
08/04/18,8040.275843316462
08/05/18,8018.729362968366
08/06/18,8110.649581960015
08/07/18,8318.713140865153
08/08/18,8732.201719746861
08/09/18,8484.3790940986
08/10/18,8868.986625935471
08/11/18,8773.742038402052
08/12/18,8706.264024792015
08/13/18,8761.692393114545
08/14/18,8817.901845163222
08/15/18,8742.95590909832
08/16/18,8703.701689153802
08/17/18,8449.716122398018
08/18/18,8622.002236481123
08/19/18,8543.21755966455
08/20/18,8753.891081264373
08/21/18,8545.808471536646
08/22/18,8663.456826434662
08/23/18,8502.239240275732
08/24/18,8342.279008407677
08/25/18,8304.691735439692
08/26/18,8335.115899114233
08/27/18,8140.749881650545
08/28/18,7972.693050182186
08/29/18,8018.3959735730605
08/30/18,8065.022861859497
08/31/18,8033.26514060373
09/01/18,7873.562094840623
09/02/18,7773.2595139098385
09/03/18,7803.093102084124
09/04/18,7705.924381469222
09/05/18,8355.271669413334
09/06/18,8532.644353127685
09/07/18,8621.31640686792
09/08/18,8832.485249855057
09/09/18,8777.495050452073
09/10/18,8714.674962965035
09/11/18,8735.630867812872
09/12/18,8695.185971456545
09/13/18,8539.6836320743
09/14/18,8548.43748505392
09/15/18,8506.868590164848
09/16/18,8526.081344745795
09/17/18,8759.89209037989
09/18/18,8685.765339686313
09/19/18,8632.365883969507
09/20/18,8532.749132651927
09/21/18,8288.450909182618
09/22/18,8326.019131328012
09/23/18,8333.439426726407
09/24/18,8448.411141050676
09/25/18,8593.702239525248
09/26/18,8562.725601995628
09/27/18,8353.061773993017
09/28/18,8420.55883842564
09/29/18,8450.449579067692
09/30/18,8432.894246051981
10/01/18,8458.24136550657
10/02/18,8526.062293923207
10/03/18,8567.240646949205
10/04/18,8480.7594378067
10/05/18,8447.839616373007
10/06/18,8484.074280937177
10/07/18,8452.116526044225
10/08/18,8426.283610613618
10/09/18,8441.476641628302
10/10/18,8509.34519710141
10/11/18,8856.82267571243
10/12/18,8825.969868529639
10/13/18,8812.119920507477
10/14/18,8828.017831957948
10/15/18,8581.557340124797
10/16/18,8563.020889745756
10/17/18,8585.796148150836
10/18/18,8624.955113982407
10/19/18,8637.071437148976
10/20/18,8609.066727943231
10/21/18,8608.571406555917
10/22/18,8615.54400762347
10/23/18,8627.593652910977
10/24/18,8609.924014959732
10/25/18,8627.479347975444
10/26/18,8615.505905978293
10/27/18,8614.019941816356
10/28/18,8616.0107527769
10/29/18,8748.461596826524
10/30/18,8745.66112590595
10/31/18,8713.455710319342
11/01/18,8677.525858916597
11/02/18,8668.533870654615
11/03/18,8683.231580281985
11/04/18,8600.58911189115
11/05/18,8618.26827525369
11/06/18,8576.070703219182
11/07/18,8525.10975279376
11/08/18,8616.086956067256
11/09/18,8692.756991576456
11/10/18,8669.591191308302
11/11/18,8661.761303224246
11/12/18,8699.424779482586
11/13/18,8753.805352562724
11/14/18,9387.24520364507
11/15/18,9397.637427367337
11/16/18,9470.30679013286
11/17/18,9475.402885175403
11/18/18,9422.155836039306
11/19/18,10206.878269300449
11/20/18,10572.120639975657
11/21/18,10394.938464487195
11/22/18,10645.247222483315
11/23/18,10632.835611566617
11/24/18,11111.592308638044
11/25/18,10965.624905961566
11/26/18,11167.134981896106
11/27/18,11125.53751077315
11/28/18,10697.703662481968
11/29/18,10669.470343405155
11/30/18,10934.981657827251
12/01/18,10773.687868377967
12/02/18,10810.20829528097
12/03/18,11065.213081045262
12/04/18,10999.31628571011
12/05/18,11196.330367513661
12/06/18,11443.448112726133
12/07/18,11497.342889830252
12/08/18,11480.08284456467
12/09/18,11355.347583663568
12/10/18,11471.319466173756
12/11/18,11523.30916101898
12/12/18,11450.192103922618
12/13/18,11609.69511604854
12/14/18,11673.49632089891
12/15/18,11688.93701260725
12/16/18,11675.372826923922
12/17/18,11386.800491757911
12/18/18,11224.458907066237
12/19/18,11207.941843881623
12/20/18,10837.146158421736
12/21/18,11058.79295383279
12/22/18,10925.608653113492
12/23/18,10960.919352782097
12/24/18,10873.123636880953
12/25/18,11116.983691430716
12/26/18,11088.388406724713
12/27/18,11296.347186105611
12/28/18,11016.985923661356
12/29/18,11168.906708396878
12/30/18,11063.831896407564
12/31/18,11199.559481942488
01/01/19,11075.595779356237
01/02/19,11016.128636644853
01/03/19,11109.534819798439
01/04/19,11081.05384002797
01/05/19,11105.696079046767
01/06/19,10868.637168161258
01/07/19,10902.223768385564
01/08/19,10912.273077301232
01/09/19,10905.386204935328
01/10/19,11262.227162848814
01/11/19,11257.931202355008
01/12/19,11272.114539772476
01/13/19,11368.492651249937
01/14/19,11227.202225519042
01/15/19,11310.406693176252
01/16/19,11282.802051244873
01/17/19,11252.225480989619
01/18/19,11279.658665517698
01/19/19,11211.275737834687
01/20/19,11348.70837199132
01/21/19,11353.67111127574
01/22/19,11310.520998111784
01/23/19,11333.848730371945
01/24/19,11316.312448178824
01/25/19,11326.533214497791
01/26/19,11330.762497112537
01/27/19,11352.03274053309
01/28/19,11450.839831890644
01/29/19,11487.98893593908
01/30/19,11443.362384024482
01/31/19,11466.45198100228
02/01/19,11445.76278767069
02/02/19,11419.101161457464
02/03/19,11464.823135670926
02/04/19,11468.585673132244
02/05/19,11449.039529155987
02/06/19,11512.640700369175
02/07/19,11517.67964294395
02/08/19,11266.580275810387
02/09/19,11266.885088971812
02/10/19,11240.452072629654
02/11/19,11299.19528408266
02/12/19,11301.824297599933
02/13/19,11312.311775435144
02/14/19,11326.095045578246
02/15/19,11320.541730793568
02/16/19,11307.558595199203
02/17/19,11264.046516406059
02/18/19,11031.435972595067
02/19/19,11013.661555119585
02/20/19,10967.87290302706
02/21/19,11002.288214033986
02/22/19,10964.739042711179
02/23/19,10964.739042711179
02/24/19,9944.240749881912
02/25/19,9704.263052863707
02/26/19,9772.633906229443
02/27/19,9763.5444477508
02/28/19,9782.496368508318
03/01/19,9740.674197385188
03/02/19,9731.584738906546
03/03/19,9787.400944344301
03/04/19,10029.591031549387
03/05/19,9641.996263989497
03/06/19,9622.05809700409
03/07/19,9608.49054754477
03/08/19,9640.476911692482
03/09/19,9449.1184881788
03/10/19,9498.457454876645
03/11/19,9628.18881679907
03/12/19,9600.22740347328
03/13/19,9630.241275165214
03/14/19,9613.475089291122
03/15/19,9489.687860039481
03/16/19,9489.687860039481
03/17/19,9431.4178468638
03/18/19,9441.145371512312
03/19/19,9509.023990942269
03/20/19,9588.604180365057
03/21/19,9452.133431139726
03/22/19,9470.82740271364
03/23/19,9471.897668261763
03/24/19,9442.0967186662
03/25/19,9300.631396882956
03/26/19,9329.338297251546
03/27/19,9574.119919947101
03/28/19,9542.558978116844
03/29/19,9727.52464851165
03/30/19,9739.22621850448
03/31/19,9741.985125250756
04/01/19,9837.690648931955
04/02/19,11653.122639018859
04/03/19,11840.06235475798
04/04/19,11672.886876140894
04/05/19,11986.331979668363
04/06/19,11990.280070357003
04/07/19,12345.750934407504
04/08/19,12576.523970262047
04/09/19,12349.913078205767
04/10/19,12661.170083279294
04/11/19,11987.449812574183
04/12/19,12073.427811606873
04/13/19,12043.174972113213
04/14/19,12278.847445810285
04/15/19,11956.792650540123
04/16/19,12373.292434512581
04/17/19,12447.711565625523
04/18/19,12561.540252588302
04/19/19,12581.352057068032
04/20/19,12650.277158367267
04/21/19,12595.003888726334
04/22/19,12811.792121418717
04/23/19,13155.513848118691
04/24/19,12940.580742376394
04/25/19,12207.092086728231
04/26/19,12260.938335638328
04/27/19,12293.56954301671
04/28/19,12274.709085690867
04/29/19,12246.477858899221
04/30/19,12531.620384598504
05/01/19,12649.159325461449
05/02/19,12807.511059226217
05/03/19,13457.328732689874
05/04/19,13710.4584266608
05/05/19,13578.86333159915
05/06/19,13522.115473869691
05/07/19,13679.278023692099
05/08/19,14129.62198266415
05/09/19,14642.897555865933
05/10/19,15085.606953928027
05/11/19,17165.798856942143
05/12/19,16587.57005680861
05/13/19,18575.172098070514
05/14/19,18993.645927387293
05/15/19,19523.284671635964
05/16/19,18741.538931606796
05/17/19,17485.07096178718
05/18/19,17267.236247225523
05/19/19,19502.61665471773
05/20/19,19040.357072643226
05/21/19,18920.297061822475
05/22/19,18134.936202608533
05/23/19,18742.062172541435
05/24/19,19024.61227724637
05/25/19,19180.680777841804
05/26/19,20770.90511292441
05/27/19,20860.02255756493
05/28/19,20734.516084288167
05/29/19,20604.776116176603
05/30/19,19687.55854143369
05/31/19,20328.385984293098
06/01/19,20349.957781007524
06/02/19,20773.83050542262
06/03/19,19273.43712534595
06/04/19,18231.450371370538
06/05/19,18517.829648369872
06/06/19,18565.70619388932
06/07/19,19029.916037629297
06/08/19,18865.856220941198
06/09/19,18154.058280401692
06/10/19,19077.126640141025
06/11/19,18834.533115899412
06/12/19,19446.177984813286
06/13/19,19592.994634337156
06/14/19,20685.949812082155
06/15/19,21065.65624487797
06/16/19,21343.925287390404
06/17/19,22198.449084692053
06/18/19,21592.82148652653
06/19/19,22067.13939377657
06/20/19,22677.71399714232
06/21/19,24311.961921771126
06/22/19,25356.493529383188
06/23/19,25762.362008910943
06/24/19,26232.51777236272
06/25/19,27948.224797043244
06/26/19,30729.797389261785
06/27/19,26527.69701053553
06/28/19,29383.379546041997
06/29/19,28204.160965118146
06/30/19,25591.47627639369
07/01/19,25157.01981489158
07/02/19,25755.10798686254
07/03/19,28462.95117465471
07/04/19,26510.097088188588
07/05/19,26156.90945730742
07/06/19,26732.855024271623
07/07/19,27279.784503042214
07/08/19,29220.960803194354
07/09/19,29889.49623191077
07/10/19,28775.754118853307
07/11/19,26992.667931998618
07/12/19,28085.93229756863
07/13/19,27062.948702992144
07/14/19,24240.016293258293
07/15/19,25805.29154923017
07/16/19,22387.125008987023
07/17/19,23068.622542675173
07/18/19,25326.288257247223
07/19/19,25057.12836373327
07/20/19,25567.71638122532
07/21/19,25211.270386342083
07/22/19,24565.757558749774
07/23/19,23419.836128212024
07/24/19,23221.59916502047
07/25/19,23507.69303787364
07/26/19,23419.645858781245
07/27/19,22550.185911163546
07/28/19,22673.432934949822
07/29/19,22583.530628907338
07/30/19,22817.157706223552
07/31/19,23986.64876249889
08/01/19,24753.363217496615
08/02/19,25043.04842585572
08/03/19,25737.555631873296
08/04/19,26131.032814721646
08/05/19,28064.74103971576
08/06/19,27279.879637757607
08/07/19,28472.797617697455
08/08/19,28501.005060810257
08/09/19,28205.82582263745
08/10/19,26811.816838044382
08/11/19,27419.56118362731
08/12/19,27077.979988023584
08/13/19,25834.49790685455
08/14/19,23838.357524886495
08/15/19,24500.61406238725
08/16/19,24626.429723489022
08/17/19,24285.2528504257
08/18/19,24542.354418764113
08/19/19,25989.13938671915
08/20/19,25620.302095156516
08/21/19,24104.16391968299
08/22/19,24050.07983398442
08/23/19,24738.83138972097
08/24/19,24139.72051955958
08/25/19,24108.920655452435
08/26/19,24642.198302564728
08/27/19,24181.556010651835
08/28/19,23098.185655482266
08/29/19,22570.71122600869
08/30/19,22570.71122600869
08/31/19,22604.638858948434
09/01/19,23013.136983885455
09/02/19,24466.724007647666
09/03/19,25015.99824842842
09/04/19,24942.13496421585
09/05/19,24912.44828539357
09/06/19,24293.810883936007
09/07/19,24702.120522023357
09/08/19,24503.714551894474
09/09/19,24285.23473227624
09/10/19,23787.040427754768
09/11/19,23924.77719314765
09/12/19,24551.213238010117
09/13/19,24429.427172270152
09/14/19,24398.138355225725
09/15/19,24281.205825864643
09/16/19,24196.952204064273
09/17/19,24022.012846718713
09/18/19,23919.19327022632
09/19/19,24200.60413677654
09/20/19,23959.081799786727
09/21/19,23526.17462781806
09/22/19,23443.004805403274
09/23/19,24240.280618631074
09/24/19,26938.870406144695
09/25/19,27185.45832721926
09/26/19,28074.008897397467
09/27/19,27761.379896371436
09/28/19,27689.872697779683
09/29/19,28091.514613560124
09/30/19,27500.49053557852
10/01/19,27452.049415214547
10/02/19,27323.854796585973
10/03/19,27638.39222696486
10/04/19,27845.374348753518
10/05/19,27861.631339537144
10/06/19,28547.37005947554
10/07/19,27719.41801146471
10/08/19,27783.008762370526
10/09/19,26822.1970462019
10/10/19,26832.163288377953
10/11/19,27578.005752503355
10/12/19,27488.75722918686
10/13/19,27536.986301844958
10/14/19,27348.428769611077
10/15/19,27838.16472675382
10/16/19,28213.347801012504
10/17/19,28030.916091392748
10/18/19,28309.49965519799
10/19/19,28296.75323198938
10/20/19,27648.24066485987
10/21/19,27700.286596223687
10/22/19,28142.641671531826
10/23/19,29450.575482215216
10/24/19,29534.85266487179
10/25/19,26642.380591621255
10/26/19,25252.078027634147
10/27/19,24535.050490651323
10/28/19,25337.627496525965
10/29/19,24841.67147334427
10/30/19,25470.74633410205
10/31/19,25494.0008991795
11/01/19,25257.497024562024
11/02/19,25129.561575351734
11/03/19,25359.868944786464
11/04/19,24879.79293868907
11/05/19,25093.301417647384
11/06/19,25035.247467950485
11/07/19,25377.869438929498
11/08/19,26395.674866265646
11/09/19,26290.027987028276
11/10/19,25789.87813144153
11/11/19,26506.43445130019
11/12/19,26286.02264147289
11/13/19,26424.25418484614
11/14/19,26703.073357213467
11/15/19,27111.642164719105
11/16/19,27061.834514695067
11/17/19,27027.247177781494
11/18/19,27801.59827791876
11/19/19,27917.093595051145
11/20/19,27995.292076806014
11/21/19,29118.979991941622
11/22/19,29886.262835216447
11/23/19,29804.88363787347
11/24/19,30775.661596218146
11/25/19,30271.97761220017
11/26/19,30184.61395738033
11/27/19,29316.113675835266
11/28/19,29530.80019760399
11/29/19,28783.991738374054
11/30/19,29262.324241112045
12/01/19,29587.48761764081
12/02/19,29830.21155829724
12/03/19,29851.91110686495
12/04/19,30093.76329584168
12/05/19,29639.88696184775
12/06/19,29283.246281424887
12/07/19,29375.46347262361
12/08/19,29324.548462357787
12/09/19,29757.455634326452
12/10/19,30050.67048983696
12/11/19,30071.050630457015
12/12/19,30115.816257252514
12/13/19,29953.128545135194
12/14/19,30420.67017572985
12/15/19,30288.61157668313
12/16/19,30837.32035691489
12/17/19,31473.204305116822
12/18/19,29883.76538445838
12/19/19,30207.3501836212
12/20/19,30102.41013007007
12/21/19,30212.46288941837
12/22/19,29358.85306899686
12/23/19,29814.826319193315
12/24/19,29967.147254579046
12/25/19,30098.4519062271
12/26/19,30116.09898752701
12/27/19,29980.152847205947
12/28/19,29861.78310561617
12/29/19,29651.384659677333
12/30/19,30040.84561279816
12/31/19,30163.079334806076
01/01/20,30138.764531199256
01/02/20,30676.234783019725
01/03/20,29761.248932175968
01/04/20,29748.125535268024
01/05/20,29719.33416898166
01/06/20,28762.66916350567
01/07/20,27829.023114545053
01/08/20,28098.959844121906
01/09/20,28658.90715276495
01/10/20,27732.447164947822
01/11/20,28165.44858034132
01/12/20,27777.778252292315
01/13/20,27956.2517380691
01/14/20,27956.2517380691
01/15/20,27943.975532103126
01/16/20,27629.869610979018
01/17/20,28208.722857663797
01/18/20,28259.159982950343
01/19/20,27586.887029366902
01/20/20,27360.3006231268
01/21/20,27654.422022910956
01/22/20,27457.87584160567
01/23/20,26577.63698023697
01/24/20,26716.2280496564
01/25/20,26422.392143034245
01/26/20,27250.258869907295
01/27/20,28214.781656990675
01/28/20,29818.174697703573
01/29/20,29466.637450895116
01/30/20,30135.389322147228
01/31/20,29589.304346167475
02/01/20,29745.754598943087
02/02/20,29594.189451383907
02/03/20,29463.179811488677
02/04/20,29054.86114690481
02/05/20,30511.034880413405
02/06/20,30943.112920368105
02/07/20,31097.881935634166
02/08/20,31410.59211241072
02/09/20,32273.320726510126
02/10/20,31245.672229162465
02/11/20,32574.706341194043
02/12/20,32827.84361150009
02/13/20,32446.83712608081
02/14/20,32876.25056319019
02/15/20,31403.549947748073
02/16/20,31445.136785012633
02/17/20,30760.777954237892
02/18/20,32308.84876444782
02/19/20,30439.027160664693
02/20/20,30493.080532669894
02/21/20,30757.542365068566
02/22/20,30668.72227022434
02/23/20,31611.10347652155
02/24/20,30619.395396123356
02/25/20,29518.089662979874
02/26/20,27849.413852556474
02/27/20,27731.600341038105
02/28/20,28088.974336936324
02/29/20,28647.589290581604
03/01/20,28643.75099362583
03/02/20,28643.75099362583
03/03/20,28123.737531275165
03/04/20,28130.707876653512
03/05/20,28130.707876653512
03/06/20,28401.073434425303
03/07/20,27594.816906509568
03/08/20,24925.818010915973
03/09/20,25228.171965527643
03/10/20,25384.328707811943
03/11/20,25233.38442980417
03/12/20,34829.593216037414
03/13/20,32406.2006729021
03/14/20,33812.85241638381
03/15/20,33272.15232741331
03/16/20,34234.65867733257
03/17/20,33330.01688619738
03/18/20,33075.81617299744
03/19/20,30673.552726125905
03/20/20,30583.699770501957
03/21/20,30653.075187896695
03/22/20,31815.423694989247
03/23/20,29704.49976928791
03/24/20,28850.865664287317
03/25/20,29087.970735723167
03/26/20,28875.438710162372
03/27/20,30068.999949767946
03/28/20,30450.47166571976
03/29/20,31636.245235483613
03/30/20,29970.52160682926
03/31/20,29929.039078628564
04/01/20,29212.542426617558
04/02/20,28747.39204308363
04/03/20,28931.751940292714
04/04/20,28506.56378287883
04/05/20,28830.5122323504
04/06/20,27039.56535476709
04/07/20,27504.03315369338
04/08/20,26993.24268116676
04/09/20,27221.070807253313
04/10/20,28514.56863873207
04/11/20,28495.48729629121
04/12/20,28417.73470416634
04/13/20,28554.31367884059
04/14/20,28506.12941085579
04/15/20,29315.147303775157
04/16/20,27786.561128110396
04/17/20,28057.981589366722
04/18/20,27319.331964180474
04/19/20,27740.858985971558
04/20/20,28626.35738151974
04/21/20,28582.982232361494
04/22/20,27705.519719239626
04/23/20,26629.54919158667
04/24/20,26564.54852099545
04/25/20,26434.143834363036
04/26/20,26434.143834363036
04/27/20,26724.785456426373
04/28/20,26660.87724902416
04/29/20,30170.440047895485
04/30/20,29610.98581553455
05/01/20,30315.005767325194
05/02/20,30834.474467127817
05/03/20,30601.734641996558
05/04/20,30488.09335590165
05/05/20,31009.724363473517
05/06/20,31419.77342568309
05/07/20,34322.34554361557
05/08/20,33640.53214939165
05/09/20,32766.033107285868
05/10/20,29967.423374005
05/11/20,29421.04595529618
05/12/20,30291.048770135745
05/13/20,31972.980991155087
05/14/20,33613.58910813991
05/15/20,31941.095532145064
05/16/20,32225.490487319465
05/17/20,33174.949532092505
05/18/20,33367.875436393166
05/19/20,33593.510535996895
05/20/20,32662.894458927305
05/21/20,31104.52268186498
05/22/20,31480.318043222025
05/23/20,31519.788740597185
05/24/20,29924.863665530916
05/25/20,30559.106288831386
05/26/20,30344.076794000634
05/27/20,31610.88024566994
05/28/20,32871.81457625129
05/29/20,32335.21902602241
05/30/20,33310.179573534355
05/31/20,32421.539725064602
06/01/20,35021.285788265755
06/02/20,32694.539661518516
06/03/20,33186.241583776355
06/04/20,33608.16617754402
06/05/20,33018.062090612635
06/06/20,33189.19330549311
06/07/20,33464.42419440736
06/08/20,33577.55064531911
06/09/20,33556.40808046425
06/10/20,33959.62699591064
06/11/20,31797.1132925896
06/12/20,32479.47584434222
06/13/20,32515.136761362035
06/14/20,32022.714069847785
06/15/20,32383.647855584448
06/16/20,32710.22497343195
06/17/20,32473.36646683546
06/18/20,32176.443855537644
06/19/20,31934.608608837323
06/20/20,32110.133083947374
06/21/20,31861.53633517497
06/22/20,33234.73905802949
06/23/20,33027.74099205594
06/24/20,31871.936005874682
06/25/20,31712.06252033252
06/26/20,31433.29642982728
06/27/20,30922.030770609577
06/28/20,31295.148989014226
06/29/20,31538.391451881824
06/30/20,31346.460895601926
07/01/20,31691.125889550913
07/02/20,31209.034224045292
07/03/20,31106.616344943144
07/04/20,31365.54411972418
07/05/20,31153.77524772007
07/06/20,32085.283705773796
07/07/20,31772.744427253634
07/08/20,32390.546647038715
07/09/20,31696.342886073544
07/10/20,31863.25245245215
07/11/20,31708.012483558374
07/12/20,31940.958242762896
07/13/20,31690.164863875696
07/14/20,31753.62688078584
07/15/20,31542.475811001517
07/16/20,31346.15199449204
07/17/20,31427.2556970116
07/18/20,31499.09236623439
07/19/20,31617.71039243312
07/20/20,31447.608847918964
07/21/20,32232.972758647975
07/22/20,32741.83585367762
07/23/20,33008.486156205974
07/24/20,32770.66662393426
07/25/20,33330.361112713996
07/26/20,34132.37136103166
07/27/20,37913.11501204309
07/28/20,37546.140493490755
07/29/20,38136.1416133855
07/30/20,38139.402236212154
07/31/20,38978.995452900075
08/01/20,40560.39752382216
08/02/20,38000.53402614268
08/03/20,38565.92602428266
08/04/20,38415.01067092738
08/05/20,40346.74092281315
08/06/20,40397.67528359988
08/07/20,39816.83822996527
08/08/20,40421.08312326062
08/09/20,40098.89926564271
08/10/20,40826.84189227725
08/11/20,39102.21267340165
08/12/20,39694.99390328544
08/13/20,40477.23448056998
08/14/20,40430.93363643164
08/15/20,40679.53038520405
08/16/20,40891.71112535468
08/17/20,42210.92479866909
08/18/20,41043.00402451094
08/19/20,40354.66938463373
08/20/20,40704.139506958825
08/21/20,39579.636499913344
08/22/20,40046.28310992435
08/23/20,39967.170103446304
08/24/20,40369.256381489766
08/25/20,38883.37339821555
08/26/20,39365.327774339006
08/27/20,38887.21750091644
08/28/20,39596.248515156454
08/29/20,39373.59945961502
08/30/20,40187.93142998284
08/31/20,40002.69373108395
09/01/20,40925.82753682503
09/02/20,39122.119633816954
09/03/20,34871.503072313426
09/04/20,34871.503072313426
09/05/20,33907.263484839255
09/06/20,33597.17806705712
09/07/20,33597.17806705712
09/08/20,32777.4788490628
09/09/20,32425.096895960258
09/10/20,32069.63920916195
09/11/20,32069.63920916195
09/12/20,32224.818267053455
09/13/20,31889.86724827988
09/14/20,31889.86724827988
09/15/20,32214.526927304814
09/16/20,32715.52687917519
09/17/20,32682.457476830634
09/18/20,32654.765213078696
09/19/20,33090.97064490811
09/20/20,32631.763009099195
09/21/20,31101.638476587574
09/22/20,31101.638476587574
09/23/20,30213.2867951561
09/24/20,30213.286795156095
09/25/20,30060.8427121066
09/26/20,30171.30210303418
09/27/20,30316.322235165935
09/28/20,30059.914718241882
09/29/20,30473.125077276978
09/30/20,30309.460704772264
10/01/20,29872.15062628072
10/02/20,29747.940053539605
10/03/20,29677.974940345146
10/04/20,30004.094481227818
10/05/20,30356.64778674184
10/06/20,29826.088385359293
10/07/20,30002.716550943846
10/08/20,30722.78354791218
10/09/20,31079.358160173302
10/10/20,31780.134133165993
10/11/20,31981.84625412412
10/12/20,32440.359586373146
10/13/20,32136.65250337471
10/14/20,32139.070911628216
10/15/20,32370.422594204898
10/16/20,31838.232173302546
10/17/20,31961.795962440978
10/18/20,32395.337823421247
10/19/20,33081.96892023354
10/20/20,33523.38466855081
10/21/20,36002.42185455175
10/22/20,36510.25946676182
10/23/20,36393.07915057159
10/24/20,36902.463419222855
10/25/20,36667.25915605629
10/26/20,36744.98567248292
10/27/20,38379.295352355155
10/28/20,37329.90301751695
10/29/20,37874.635416106095
10/30/20,38138.101310607235
10/31/20,38852.23477104661
11/01/20,38700.15626133777
11/02/20,38142.5725537736
11/03/20,39486.36391193687
11/04/20,39821.03224478542
11/05/20,43882.973874758485
11/06/20,43863.42976154701
11/07/20,41728.70642038245
11/08/20,43557.07930208544
11/09/20,43115.26985940133
11/10/20,43063.55529221298
11/11/20,44172.198629262086
11/12/20,45837.272711801015
11/13/20,45937.32732303328
11/14/20,45236.43886593578
11/15/20,44924.71729046932
11/16/20,47031.34772645653
11/17/20,49719.74595254297
11/18/20,50015.91660051885
11/19/20,50127.05089607532
11/20/20,52551.589533293765
11/21/20,52656.62156616405
11/22/20,51841.67422678492
11/23/20,51695.866705919456
11/24/20,53882.27649324616
11/25/20,52677.5154886333
11/26/20,48255.934054542915
11/27/20,48239.90506960688
11/28/20,49891.73414880394
11/29/20,51157.85523259297
11/30/20,55398.95592050891
12/01/20,52787.18749082718
12/02/20,54067.031635403546
12/03/20,54690.8966017295
12/04/20,52512.52942789701
12/05/20,53885.96034767883
12/06/20,54500.17980201697
12/07/20,53917.849591393664
12/08/20,51507.68079856525
12/09/20,52183.17596900093
12/10/20,51321.71645228111
12/11/20,50730.387513272675
12/12/20,52911.48242664691
12/13/20,53886.52276820291
12/14/20,54201.393898604154
12/15/20,54652.84885327608
12/16/20,60082.54095573785
12/17/20,64155.98408542818
12/18/20,65061.199918920734
12/19/20,67048.9346561193
12/20/20,66002.43878698006
12/21/20,63924.7448869563
12/22/20,67026.74716644468
12/23/20,65374.94620827384
12/24/20,66720.73415929756
12/25/20,69473.41705128533
12/26/20,74425.8953390727
12/27/20,73844.68996949754
12/28/20,76033.37755994673
12/29/20,76967.24871914073
12/30/20,81217.17940928458
12/31/20,81530.70073042806
01/01/21,82683.24098938092
01/02/21,90596.18843177415
01/03/21,93074.49447109381
01/04/21,90003.81901479619
01/05/21,95721.30169942518
01/06/21,103625.81283395734
01/07/21,111107.55246054521
01/08/21,114359.97410919642
01/09/21,113156.3660666579
01/10/21,107348.44616175827
01/11/21,99704.72942423791
01/12/21,95709.96892586513
01/13/21,105154.33121325179
01/14/21,110049.80818092453
01/15/21,103363.24681229472
01/16/21,101235.69433281205
01/17/21,100727.40678418273
01/18/21,102970.62104444062
01/19/21,101004.03331894714
01/20/21,99820.95362553722
01/21/21,86663.8847325995
01/22/21,92777.05837693876
01/23/21,90317.67778825412
01/24/21,90799.5034512259
01/25/21,90721.86129787787
01/26/21,91406.07398643665
01/27/21,85557.15362533223
01/28/21,94162.89066927636
01/29/21,96313.50239024592
01/30/21,96519.79823847522
01/31/21,93196.9615402103
02/01/21,94297.50602171278
02/02/21,99891.95921670122
02/03/21,105992.73148848469
02/04/21,104037.44841552504
02/05/21,107759.77241203772
02/06/21,110465.29634308213
02/07/21,109273.78034181113
02/08/21,130527.82067261817
02/09/21,130777.39478017476
02/10/21,126135.82255809393
02/11/21,134928.84563655377
02/12/21,133281.96585796852
02/13/21,132811.33236342578
02/14/21,136843.94376306853
02/15/21,134819.4267235957
02/16/21,138261.3278468065
02/17/21,146719.42950318192
02/18/21,145046.95959075147
02/19/21,157445.6325280054
02/20/21,157297.8846563319
02/21/21,161675.96286288538
02/22/21,152341.8631192429
02/23/21,137477.87605677536
02/24/21,139913.35377318697
02/25/21,132417.91920683798
02/26/21,130242.05480433762
02/27/21,129665.99558255772
02/28/21,127222.22216341602
03/01/21,139562.76893950722
03/02/21,136432.9549651035
03/03/21,141672.83014069125
03/04/21,135994.68877172103
03/05/21,137059.660155076
03/06/21,137524.83817053528
03/07/21,143325.27788246478
03/08/21,147432.35375949455
03/09/21,154466.0410755811
03/10/21,157062.37106187711
03/11/21,162461.04567243633
03/12/21,161052.04165450702
03/13/21,172002.79107356592
03/14/21,165960.14496294517
03/15/21,156477.6786850527
03/16/21,160032.09203410393
03/17/21,165637.9061236786
03/18/21,162112.23246340742
03/19/21,163304.42336930727
03/20/21,163491.1188622727
03/21/21,161363.48201971143
03/22/21,152052.97581705372
03/23/21,152870.31344366015
03/24/21,147037.87200391103
03/25/21,144334.28842367468
03/26/21,154894.46490979235
03/27/21,157026.1793011531
03/28/21,156889.79232406584
03/29/21,161977.39214276132
03/30/21,165240.80911265814
03/31/21,165302.64724927978
04/01/21,165150.65310264952
04/02/21,165924.17817043082
04/03/21,160471.0050110891
04/04/21,163698.62391462876
04/05/21,166265.56742854204
04/06/21,163153.41345859418
04/07/21,157288.85780692057
04/08/21,163373.60109376803
04/09/21,163410.04594372783
04/10/21,168070.7404636271
04/11/21,168667.83421300727
04/12/21,168252.76786624274
04/13/21,178749.8407695596
04/14/21,177123.34873497195
04/15/21,177835.09190818403
04/16/21,172765.01148881338
04/17/21,168816.96001496472
04/18/21,158266.82273520174
04/19/21,156618.78999454217
04/20/21,158892.76865746675
04/21/21,151308.66849549793
04/22/21,145340.5712253428
04/23/21,143913.9915660363
04/24/21,140939.60250345967
04/25/21,138154.18673697094
04/26/21,152059.97795257843
04/27/21,154922.6421780483
04/28/21,154389.9736997005
04/29/21,150711.743472275
04/30/21,162469.98815876906
05/01/21,162685.50770359315
05/02/21,159228.73055752067
05/03/21,160915.1766199743
05/04/21,149707.45726346728
05/05/21,161723.82484948385
05/06/21,158735.8533312509
05/07/21,161363.31329355424
05/08/21,165871.1700360371
05/09/21,163960.31818447908
05/10/21,157142.3191393738
05/11/21,159625.34951109564
05/12/21,138880.0747863634
05/13/21,139747.32723448117
05/14/21,140268.88790747858
05/15/21,131350.19196291504
05/16/21,132092.98074905583
05/17/21,140111.2976766338
05/18/21,142123.75079586532
05/19/21,159270.0403450137
05/20/21,148414.00254220836
05/21/21,157710.08265842363
05/22/21,157245.0171270692
05/23/21,165101.32882268846
05/24/21,153478.71184557414
05/25/21,154722.0548981383
05/26/21,152157.867244793
05/27/21,154424.67504603567
05/28/21,162329.52363288228
05/29/21,165311.42100945525
05/30/21,162370.97402550632
05/31/21,157692.50701704642
06/01/21,159515.0588463253
06/02/21,156995.24617232918
06/03/21,152410.0566077865
06/04/21,158969.45469592384
06/05/21,162780.35992497773
06/06/21,162002.22300889905
06/07/21,168262.61022541393
06/08/21,168743.28292631137
06/09/21,157527.74592451978
06/10/21,159475.0145050114
06/11/21,157693.35064783253
06/12/21,162750.49539514954
06/13/21,152989.68719989425
06/14/21,148718.01895649504
06/15/21,149734.08787528204
06/16/21,154845.02814572645
06/17/21,155565.79816834987
06/18/21,161914.62601227497
06/19/21,162850.88745869626
06/20/21,162618.29845096663
06/21/21,173741.87969707258
06/22/21,171179.77299966634
06/23/21,168066.71915687996
06/24/21,165262.9403602803
06/25/21,173844.26835347974
06/26/21,171955.57587057012
06/27/21,165121.82905079087
06/28/21,165719.09152632824
06/29/21,161723.5998812742
06/30/21,164172.09763281804
07/01/21,168314.3810346547
07/02/21,167618.80745150967
07/03/21,165153.32460013882
07/04/21,163463.50401454078
07/05/21,167920.68666780487
07/06/21,166402.48870512715
07/07/21,167419.40125470023
07/08/21,170185.6103602919
07/09/21,167576.99148554498
07/10/21,168445.4531377895
07/11/21,166361.8819432892
07/12/21,169605.72667894833
07/13/21,170665.8893668225
07/14/21,170397.19296144746
07/15/21,173138.71180603243
07/16/21,174433.62882065395
07/17/21,174035.68817884737
07/18/21,173341.18319469807
07/19/21,176005.2567331184
07/20/21,178937.4642563897
07/21/21,172323.76446665332
07/22/21,171866.9946380289
07/23/21,167977.0412043168
07/24/21,166240.2585049588
07/25/21,163072.4249031279
07/26/21,157833.59020550968
07/27/21,151691.48002520695
07/28/21,150114.14354442313
07/29/21,150110.79714230492
07/30/21,143931.5390863873
07/31/21,146025.88063392355
08/01/21,150669.02763347176
08/02/21,152562.83814315044
08/03/21,155342.5453413198
08/04/21,150944.2762379522
08/05/21,147700.37526024066
08/06/21,142183.25488731204
08/07/21,142183.25488731204
08/08/21,139778.568949161
08/09/21,147537.32388720175
08/10/21,145359.9695611595
08/11/21,145137.3547692655
08/12/21,141646.27040218364
08/13/21,152533.61569971827
08/14/21,150172.49660774035
08/15/21,149881.10547784963
08/16/21,146382.404083529
08/17/21,142442.71186953236
08/18/21,142528.06081909456
08/19/21,149039.726736833
08/20/21,157299.58008188146
08/21/21,155796.38047207877
08/22/21,157127.03369915934
08/23/21,157954.1026274973
08/24/21,152121.69069109554
08/25/21,156202.4413258399
08/26/21,149332.9026095077
08/27/21,156485.25931628616
08/28/21,155958.98328786163
08/29/21,155555.37645542852
08/30/21,149801.8756464039
08/31/21,150288.37740707127
09/01/21,155698.0602669259
09/02/21,157040.7605077983
09/03/21,159431.83778222147
09/04/21,159170.88289087891
09/05/21,165118.2832552196
09/06/21,167983.17786838123
09/07/21,149366.46214792778
09/08/21,146896.88806141657
09/09/21,147855.77299251378
09/10/21,142962.29511251696
09/11/21,143979.8534626374
09/12/21,146715.41796477456
09/13/21,143335.05139111282
09/14/21,150119.7510843925
09/15/21,153459.00483320912
09/16/21,152215.10285359249
09/17/21,150763.53330289767
09/18/21,154019.28658574974
09/19/21,150572.53395460552
09/20/21,137157.45107804623
09/21/21,129382.82467739088
09/22/21,129382.82467739088
09/23/21,133282.96193836504
09/24/21,127183.29294188727
09/25/21,126808.3784937388
09/26/21,128240.65794753948
09/27/21,125228.1635154688
09/28/21,121842.00128292777
09/29/21,121842.00128292775
09/30/21,128562.87539619062
10/01/21,141284.21048894073
10/02/21,139858.63540526628
10/03/21,141472.1226718215
10/04/21,144423.25608116208
10/05/21,151048.8689535951
10/06/21,162324.7730944313
10/07/21,157754.72651657937
10/08/21,158252.17907375755
10/09/21,161242.906902778
10/10/21,160474.5698565899
10/11/21,168599.49142090123
10/12/21,164230.2912030255
10/13/21,168274.96382552502
10/14/21,168266.25305319543
10/15/21,180836.07349997052
10/16/21,178527.60151583413
10/17/21,180488.87443317758
10/18/21,181942.66420702392
10/19/21,188415.50127789212
10/20/21,193544.29844042665
10/21/21,182484.63848944215
10/22/21,178036.10278620783
10/23/21,179901.674524725
10/24/21,178644.62502288804
10/25/21,185071.44457932826
10/26/21,176937.84157188708
10/27/21,171475.80604164672
10/28/21,177713.71622241428
10/29/21,182725.57786549418
10/30/21,181642.4798474509
10/31/21,179962.32730983463
11/01/21,178681.8437773871
11/02/21,185536.51769996822
11/03/21,184570.76581017618
11/04/21,180249.19621271532
11/05/21,179001.7080300011
11/06/21,180499.0516654953
11/07/21,185653.83449901972
11/08/21,198145.14067802962
11/09/21,196346.4395149718
11/10/21,190409.35893617212
11/11/21,190115.7736465457
11/12/21,188171.48233586497
11/13/21,188931.4312309209
11/14/21,192135.20636701892
11/15/21,186551.57197456167
11/16/21,176392.58241909542
11/17/21,177071.08412640984
11/18/21,166934.94201755887
11/19/21,170486.38548764604
11/20/21,175296.34491955832
11/21/21,172099.25684100622
11/22/21,165106.11976634458
11/23/21,168877.50290545358
11/24/21,167719.20481921823
11/25/21,173013.36001001587
11/26/21,157759.85912653786
11/27/21,157759.85912653786
11/28/21,165144.2760305577
11/29/21,166603.27936965154
11/30/21,164094.65882688205
12/01/21,164893.81719887085
12/02/21,162867.2492625805
12/03/21,154790.49917133802
12/04/21,167776.34028912868
12/05/21,167118.94345917788
12/06/21,163974.44089180147
12/07/21,163766.14762239493
12/08/21,164008.13877968938
12/09/21,172505.13321466953
12/10/21,173803.22193869506
12/11/21,167299.47197309387
12/12/21,165214.69597575944
12/13/21,175005.40128950102
12/14/21,170210.1054382052
12/15/21,168807.8124762493
12/16/21,172302.65787120606
12/17/21,176486.0922436202
12/18/21,174553.64798050743
12/19/21,175064.01257313517
12/20/21,174458.22823471876
12/21/21,168655.10632105108
12/22/21,169550.4620823952
12/23/21,163124.7932912079
12/24/21,163149.33226597757
12/25/21,164299.26548975043
12/26/21,163294.11797744143
12/27/21,163504.65777270717
12/28/21,172648.62285352233
12/29/21,175701.42108326184
12/30/21,173779.3454010377
12/31/21,176476.15568693526
01/01/22,171974.31947640041
01/02/22,173204.72440851422
01/03/22,175826.62169749168
01/04/22,177612.00492166777
01/05/22,184478.8856312786
01/06/22,185452.95620253537
01/07/22,189951.59543396288
01/08/22,189504.85360573215
01/09/22,188971.90854805813
01/10/22,189059.43665172608
01/11/22,186494.422549568
01/12/22,183045.4293234297
01/13/22,186966.94182195235
01/14/22,185439.27543608512
01/15/22,185440.2546909468
01/16/22,185423.86657282012
01/17/22,187879.57855144417
01/18/22,187527.24841252685
01/19/22,189526.62762559822
01/20/22,192254.6012573887
01/21/22,204468.1847102738
01/22/22,208512.9393133029
01/23/22,205049.51647876127
01/24/22,203807.10127378485
01/25/22,203084.41118584946
01/26/22,203506.61403931052
01/27/22,202414.91767819528
01/28/22,200859.63054490538
01/29/22,199580.0036551843
01/30/22,200302.43452859746
01/31/22,198718.0577655923
02/01/22,198023.59325896477
02/02/22,203235.3604426193
02/03/22,202093.059646445
02/04/22,189825.12754873556
02/05/22,190262.4800509394
02/06/22,187403.8622999525
02/07/22,183231.0845245628
02/08/22,182590.19101919304
02/09/22,181624.53051910148
02/10/22,184223.12730269314
02/11/22,187444.32856703163
02/12/22,187919.78560400108
02/13/22,188390.31756504843
02/14/22,187058.0701273177
02/15/22,181176.262205351
02/16/22,183137.65209011108
02/17/22,192772.85749213723
02/18/22,194383.21331059106
02/19/22,194060.54883366058
02/20/22,199057.9744090569
02/21/22,202794.40773871806
02/22/22,199357.39598382876
02/23/22,202225.3454576154
02/24/22,199049.39152821022
02/25/22,196587.54480589373
02/26/22,196832.30091809185
02/27/22,200962.39470215683
02/28/22,185218.56867122583
03/01/22,181575.22215665347
03/02/22,183036.1552038571
03/03/22,187242.51566068048
03/04/22,196749.06425484727
03/05/22,196054.28293047036
03/06/22,198870.7927224041
03/07/22,200087.4304832269
03/08/22,197964.23313337754
03/09/22,188729.37016010564
03/10/22,195974.61766730962
03/11/22,198032.9537833781
03/12/22,197767.3165013349
03/13/22,200738.14533882728
03/14/22,195337.35316525085
03/15/22,196382.8805397982
03/16/22,191083.2108314992
03/17/22,191600.31500170453
03/18/22,189206.4688890491
03/19/22,187936.49053987715
03/20/22,190796.9803957467
03/21/22,191370.1325059776
03/22/22,187481.13702918615
03/23/22,185948.89118675978
03/24/22,182779.04319943342
03/25/22,181930.51886176947
03/26/22,181311.14016174353
03/27/22,181311.14016174353
03/28/22,182425.32932018943
03/29/22,183611.71115788323
03/30/22,182099.18554416602
03/31/22,176099.33940780885
04/01/22,176099.33940780885
04/02/22,174245.36032865374
04/03/22,176455.88993487708
04/04/22,177203.63449692304
04/05/22,173037.78119180948
04/06/22,164248.97802277678
04/07/22,163249.0697933898
04/08/22,167677.12615781816
04/09/22,165860.22437856617
04/10/22,168271.3516842653
04/11/22,178192.81883033804
04/12/22,176015.33555602835
04/13/22,172021.3307824657
04/14/22,176532.25015867755
04/15/22,174244.29554465652
04/16/22,174881.30257099186
04/17/22,177559.9948839918
04/18/22,173288.19557115505
04/19/22,170659.81430202367
04/20/22,171153.87407673258
04/21/22,174595.7503197381
04/22/22,177427.80955633722
04/23/22,178585.5339853118
04/24/22,178411.32771776704
04/25/22,174708.50333944344
04/26/22,183468.02494855263
04/27/22,179215.0494956667
04/28/22,177320.68468061718
04/29/22,181734.89885308172
04/30/22,185361.32497960498
05/01/22,182134.4970760375
05/02/22,182010.25960036213
05/03/22,185018.50256050087
05/04/22,177582.96379593175
05/05/22,189566.72740461523
05/06/22,191524.06658750022
05/07/22,193637.51070997724
05/08/22,199105.7849836873
05/09/22,214102.12674449815
05/10/22,210611.2704376206
05/11/22,218216.7563337456
05/12/22,218611.525000714
05/13/22,217308.60966811882
05/14/22,214284.81325602075
05/15/22,209489.21627255285
05/16/22,215051.1154820182
05/17/22,212796.39733991036
05/18/22,219428.8608025781
05/19/22,213309.88942256846
05/20/22,217544.8015755016
05/21/22,216615.58739792986
05/22/22,213407.50729831337
05/23/22,217905.83940655814
05/24/22,215812.8163200277
05/25/22,216276.7579188153
05/26/22,217520.6157675648
05/27/22,219777.881785666
05/28/22,218175.61003785313
05/29/22,216509.52730620702
05/30/22,207830.47294488753
05/31/22,207710.532633201
06/01/22,215222.43162157052
06/02/22,212751.4482440278
06/03/22,215671.2000483978
06/04/22,214971.0285142275
06/05/22,214836.14319858
06/06/22,209275.57496911113
06/07/22,210170.7160587719
06/08/22,213708.2327215275
06/09/22,214075.39306056802
06/10/22,217967.06448639813
06/11/22,220532.88969569298
06/12/22,227400.13802974718
06/13/22,243123.46106465824
06/14/22,244466.34382514894
06/15/22,242724.7755137001
06/16/22,250985.94018411162
06/17/22,250766.06228868623
06/18/22,256409.03719393973
06/19/22,250339.6923538004
06/20/22,250329.72901782647
06/21/22,249733.25983938517
06/22/22,252580.07393994575
06/23/22,248283.89867917274
06/24/22,247819.95708038512
06/25/22,246787.95321908203
06/26/22,248530.05392252945
06/27/22,249781.06103526027
06/28/22,251448.1324949038
06/29/22,252087.6113412327
06/30/22,252727.58455156029
07/01/22,255334.09972074878
07/02/22,255376.7671366373
07/03/22,255124.9837492953
07/04/22,251645.15556238894
07/05/22,251800.69008198247
07/06/22,250360.11338974707
07/07/22,246191.82629263983
07/08/22,246417.78866804932
07/09/22,246401.77888009115
07/10/22,249186.4552288141
07/11/22,252633.19905580694
07/12/22,255023.52504556044
07/13/22,251558.37566661573
07/14/22,250246.866006043
07/15/22,249265.1351606085
07/16/22,247895.74688418704
07/17/22,249392.6810722752
07/18/22,243181.9861565053
07/19/22,239493.3462221446
07/20/22,240240.55839219198
07/21/22,240412.4069237429
07/22/22,242241.8579429621
07/23/22,243054.02193683968
07/24/22,242570.61000210297
07/25/22,247473.36988929083
07/26/22,247651.26487282597
07/27/22,241151.290961812
07/28/22,237789.34957459755
07/29/22,238047.17941392382
07/30/22,238582.34745652528
07/31/22,239807.03919332486
08/01/22,239957.66810093122
08/02/22,241027.77601813478
08/03/22,241657.67180848867
08/04/22,242496.72159829605
08/05/22,239792.3223573633
08/06/22,241198.55976568846
08/07/22,240320.0749399842
08/08/22,237908.87157828524
08/09/22,240406.9308917572
08/10/22,237367.65708369957
08/11/22,237386.67108364988
08/12/22,235683.01668810195
08/13/22,235496.67948858888
08/14/22,236013.8602872374
08/15/22,236812.44828515046
08/16/22,237736.52868273563
08/17/22,239740.60427749847
08/18/22,240269.19347611713
08/19/22,249243.80145266425
08/20/22,248083.94745569525
08/21/22,246684.5170593523
08/22/22,247076.2054583287
08/23/22,246661.70025941194
08/24/22,247224.51465794115
08/25/22,246467.75745991874
08/26/22,251491.2562467911
08/27/22,252270.8302447539
08/28/22,254126.5966399043
08/29/22,251293.51064730785
08/30/22,253130.26304250798
08/31/22,252217.59104489302
09/01/22,251955.19784557872
09/02/22,252597.87104389927
09/03/22,253050.40424271667
09/04/22,252415.33664437628
09/05/22,253225.33304225953
09/06/22,257047.1470322722
09/07/22,255195.18343711185
09/08/22,255020.25463756896
09/09/22,247228.31745793123
09/10/22,246083.67466092246
09/11/22,245463.8182625423
09/12/22,243311.433468167
09/13/22,251768.86064606564
09/14/22,251555.90384662215
09/15/22,253617.02144123596
09/16/22,253194.91064233903
09/17/22,252008.4370454396
09/18/22,254651.38303853292
09/19/22,254198.8498397155
09/20/22,256708.69783315662
09/21/22,258275.45142906235
09/22/22,254712.22783837392
09/23/22,255126.73303729072
09/24/22,256545.17743358394
09/25/22,256967.28823248087
09/26/22,255385.32343661494
09/27/22,255959.54623511437
09/28/22,254674.1998384733
09/29/22,253993.49864025213
09/30/22,254628.56623859255
10/01/22,255058.2826374696
10/02/22,256050.81343487586
10/03/22,253826.17544068937
10/04/22,251137.59584771533
10/05/22,251825.90264591662
10/06/22,252628.29344381974
10/07/22,254221.6666396559
10/08/22,254647.58023854287
10/09/22,254552.5102387913
10/10/22,255746.58943567087
10/11/22,256020.39103495536
10/12/22,255647.71663592925
10/13/22,254811.10063811555
10/14/22,255556.44943616775
10/15/22,255993.77143502492
10/16/22,255240.81703699258
10/17/22,254164.62463980494
10/18/22,254974.62103768822
10/19/22,255765.6034356212
10/20/22,256081.23583479636
10/21/22,255617.29423600878
10/22/22,255461.3794364162
10/23/22,254061.94904007326
10/24/22,254982.22663766833
10/25/22,252111.1126451713
10/26/22,249494.78625200837
10/27/22,251316.32744724824
10/28/22,250164.07905025934
10/29/22,249319.8574524655
10/30/22,250053.79785054753
10/31/22,250548.16184925564
11/01/22,250616.61224907677
11/02/22,251856.3250458371
11/03/22,251647.17104638365
11/04/22,251647.17104638368
11/05/22,253407.85659050813
11/06/22,248720.62615547408
11/07/22,244949.42806434262
11/08/22,269218.33691578795
11/09/22,301017.74542554934
11/10/22,281102.96433862805
11/11/22,287574.67336568015
11/12/22,290180.01211002644
11/13/22,295866.5505565906
11/14/22,292547.42037543707
11/15/22,289156.9110506028
11/16/22,291774.1463188959
11/17/22,291393.45755259873
11/18/22,291429.1471244391
11/19/22,291345.87145681155
11/20/22,296508.9628497171
11/21/22,302338.2595836427
11/22/22,297210.85776257754
11/23/22,292380.86904018203
11/24/22,292523.6273275435
11/25/22,293511.0388151268
11/26/22,294153.4511082533
11/27/22,294510.3468266569
11/28/22,297056.20295126934
11/29/22,294391.38158718904
11/30/22,285635.5399623539
12/01/22,287931.5690840837
12/02/22,286527.7792583629
12/03/22,289014.1527632414
12/04/22,286301.74530337396
12/05/22,288038.63779960485
12/06/22,286611.0549259904
12/07/22,289608.9789605807
12/08/22,284933.64504949347
12/09/22,286135.1939681189
12/10/22,286135.1939681189
12/11/22,286575.36535415
12/12/22,285171.5755284292
12/13/22,278473.83254638815
12/14/22,278105.04030403774
12/15/22,283351.40736457077
12/16/22,292023.97332177847
12/17/22,290263.287777654
12/18/22,290643.97654395114
12/19/22,294248.62329982757
12/20/22,288871.3944758799
12/21/22,289751.73724794213
12/22/22,289787.4268197825
12/23/22,290287.0808255476
12/24/22,289573.2893887403
12/25/22,289704.151152155
12/26/22,288645.360520891
12/27/22,291226.90621734376
12/28/22,293130.3500488296
12/29/22,292083.45594151237
12/30/22,292380.86904018203
12/31/22,293273.1083361911
01/01/23,292238.1107528206
01/02/23,291548.1123639069
01/03/23,291583.8019357473
01/04/23,289454.32414927246
01/05/23,289727.9442000486
01/06/23,288252.775230647
01/07/23,288312.25785038096
01/08/23,286242.26268364
01/09/23,285528.4712468328
01/10/23,282352.0993530407
01/11/23,282352.0993530407
01/12/23,296887.0122199039
01/13/23,313862.7826104548
01/14/23,330066.92707416246
01/15/23,328885.8669820555
01/16/23,333673.0972220624
01/17/23,332806.9864878506
01/18/23,325500.1613846822
01/19/23,332051.10802890215
01/20/23,357121.07691735955
01/21/23,358774.5610463093
01/22/23,357735.22816525516
01/23/23,360963.4590836809
01/24/23,356475.4307336744
01/25/23,363042.12484578916
01/26/23,362349.23625841975
01/27/23,363498.8014147372
01/28/23,362711.42801999924
01/29/23,373939.37262896285
01/30/23,359530.43950525776
01/31/23,364191.69000210665
02/01/23,373766.1504821205
02/02/23,370034.0005910625
02/03/23,369026.1626457978
02/04/23,367388.4259847428
02/05/23,361199.67110210226
02/06/23,358459.6116884141
02/07/23,366160.1234889516
02/08/23,361577.61033157655
02/09/23,343326.29504155007
02/10/23,340759.45777470426
02/11/23,344365.6279226042
02/12/23,343121.5779589182
02/13/23,343137.325426813
02/14/23,349767.00941050675
02/15/23,383167.38881529204
02/16/23,370396.19235264196
02/17/23,387072.7608531924
02/18/23,388017.60892687796
02/19/23,382600.47997108067
02/20/23,391214.3449095142
02/21/23,385025.59002687363
02/22/23,380899.7534384466
02/23/23,376978.6339326515
02/24/23,365168.03301158175
02/25/23,364727.1039105285
02/26/23,371041.83853632706
02/27/23,369955.2632515887
02/28/23,364333.41721315944
03/01/23,372175.65622474975
03/02/23,369530.08161843015
03/03/23,352097.63465893123
03/04/23,351908.6650441941
03/05/23,353184.2099436696
03/06/23,352853.5131178797
03/07/23,349593.7872636644
03/08/23,341783.04318786366
03/09/23,320728.67861257
03/10/23,318413.8008320403
03/11/23,324681.29305415467
03/12/23,349326.08030945354
03/13/23,381230.4502642366
03/14/23,389749.8303953016
03/15/23,383734.29765950335
03/16/23,394474.07076372945
03/17/23,432519.95319746877
03/18/23,424866.6838006156
03/19/23,441779.46431958745
03/20/23,438015.8194927399
03/21/23,443952.6148890643
03/22/23,430220.82288483385
03/23/23,446330.482541173
03/24/23,432945.1348306273
03/25/23,433039.61963799584
03/26/23,440992.0909248495
03/27/23,427417.77359956666
03/28/23,429464.9444258854
03/29/23,446487.9572201206
03/30/23,441543.25230116607
03/31/23,448424.89577117603
04/01/23,448314.66349591274
04/02/23,443858.13008169574
04/03/23,438031.56696063466
04/04/23,443732.15033853764
04/05/23,443810.88767801144
04/06/23,441732.2219159032
04/07/23,439842.525768532
04/08/23,440440.9295485329
04/09/23,446283.24013748876
04/10/23,466943.9180154134
04/11/23,476297.9139449006
04/12/23,470896.5324569981
04/13/23,478880.4986796412
04/14/23,480266.27585438004
04/15/23,477652.19618384994
04/16/23,477620.70124806045
04/17/23,463731.4345648824
04/18/23,478644.28666121984
04/19/23,453952.25700223667
04/20/23,444676.99841222324
04/21/23,429181.49000377976
04/22/23,438047.3144285294
04/23/23,434567.12402378756
04/24/23,433244.33672062773
04/25/23,445653.34142169834
04/26/23,447669.0173122276
04/27/23,464314.09087698854
04/28/23,461920.4757569851
04/29/23,460566.19351803575
04/30/23,460377.2239032986
05/01/23,442173.1510169564
05/02/23,451637.379221707
05/03/23,457196.2353885572
05/04/23,454330.1962317109
05/05/23,465290.43388646364
05/06/23,455275.0443053965
05/07/23,448361.905899597
05/08/23,436047.3860058949
05/09/23,435417.48729010456
05/10/23,434913.56831747224
05/11/23,425039.90594745794
05/12/23,422205.3617264012
05/13/23,421858.9174327165
05/14/23,424126.5528095619
05/15/23,427795.7128290409
05/16/23,425764.2894706169
05/17/23,431543.6101879937
05/18/23,422315.59400166455
05/19/23,423496.6540937715
05/20/23,426992.59196640813
05/21/23,421244.76618482085
05/22/23,422913.9977816654
05/23/23,428740.5609027265
05/24/23,414552.09232954803
05/25/23,416961.45491744624
05/26/23,420740.8472121886
05/27/23,423165.95726798155
05/28/23,442062.91874169314
05/29/23,436976.4866116858
05/30/23,436299.3454922111
05/31/23,428630.32862746314
06/01/23,422441.5737448226
06/02/23,429134.24760009546
06/03/23,426378.4407185125
06/04/23,427150.0666453557
06/05/23,405324.07614321884
06/06/23,405324.07614321884
06/07/23,392108.92782425944
06/08/23,389698.05617147626
06/09/23,390084.98618982424
06/10/23,399415.9524015219
06/11/23,398165.87080378254
06/12/23,398686.7381361739
06/13/23,398270.0442702608
06/14/23,410279.7567628286
06/15/23,403642.4187557837
06/16/23,392332.1566809986
06/17/23,389742.7019428242
06/18/23,392227.9832145203
06/19/23,392227.9832145203
06/20/23,413752.1550077916
06/21/23,438505.68319367187
06/22/23,436752.1865099023
06/23/23,448836.7011555475
06/24/23,446381.8057982701
06/25/23,445344.3202603731
06/26/23,442377.9883703296
06/27/23,448544.45170825254
06/28/23,439528.5562592041
06/29/23,444862.1086723365
06/30/23,445227.42048145516
07/01/23,447024.75458231894
07/02/23,447375.45391907287
07/03/23,455295.4139407654
07/04/23,449640.38713560853
07/05/23,445695.01959712704
07/06/23,437088.2733742915
07/07/23,443459.31132532086
07/08/23,442655.6253452598
07/09/23,440814.4538273018
07/10/23,444526.0218079473
07/11/23,447448.5162808966
07/12/23,443956.1353857222
07/13/23,459869.11779093096
07/14/23,443210.89929512015
07/15/23,442772.5251241778
07/16/23,442071.12645066995
07/17/23,440624.4916865601
07/18/23,436445.32459024264
07/19/23,437190.5606808447
07/20/23,435539.35130362835
07/21/23,437029.8234848325
07/22/23,435290.93927342765
07/23/23,439616.2310933926
07/24/23,426348.1061862029
07/25/23,427034.892387346
07/26/23,428934.513794763
07/27/23,426961.8300255223
07/28/23,428393.8523172674
07/29/23,429022.1886289515
07/30/23,427838.578367407
07/31/23,427137.17969389923
08/01/23,433931.9793435063
08/02/23,426158.1440454612
08/03/23,426333.49371383816
08/04/23,424886.8589497283
08/05/23,424477.7097235154
08/06/23,424375.42241696216
08/07/23,426406.5560756619
08/08/23,434925.627464309
08/09/23,432017.7454637245
08/10/23,429942.7743879305
08/11/23,429577.46257881186
08/12/23,429825.87460901256
08/13/23,427911.64072923077
08/14/23,429723.58730245935
08/15/23,426275.0438243792
08/16/23,419392.5693405837
08/17/23,449479.64993959636
08/18/23,458115.6211071614
08/19/23,457443.4473783831
08/20/23,456055.26250373217
08/21/23,457034.2981521702
08/22/23,458247.1333584441
08/23/23,452562.8816085578
08/24/23,456405.9618404861
08/25/23,458159.4585242556
08/26/23,458743.9574188455
08/27/23,457545.7346849363
08/28/23,457355.7725441946
08/29/23,433639.7298962113
08/30/23,439864.6431235933
08/31/23,459854.5053185662
09/01/23,461812.57661544223
09/02/23,460760.4786051805
09/03/23,459299.23136870586
09/04/23,461505.7146957825
09/05/23,462031.7637009134
09/06/23,462543.20023367956
09/07/23,455280.8014684006
09/08/23,460205.20465532015
09/09/23,460336.71690660284
09/10/23,461257.30266558187
09/11/23,471208.39634597406
09/12/23,461140.4028866639
09/13/23,455558.4384433308
09/14/23,451130.85931681265
09/15/23,449991.08647236245
09/16/23,450517.13547749334
09/17/23,451043.1844826242
09/18/23,447609.25347690884
09/19/23,441121.31574696145
09/20/23,442377.98837032967
09/21/23,450634.0352564113
09/22/23,450371.01075384585
09/23/23,450341.7858091164
09/24/23,455236.96405130636
09/25/23,454520.95290543383
09/26/23,455821.4629458962
09/27/23,453585.7546740901
09/28/23,443868.46055153373
09/29/23,445548.8948734796
09/30/23,444745.20889341854
10/01/23,444745.20889341854
10/02/23,436992.55084948253
10/03/23,438136.3856428502
10/04/23,432496.64464777376
10/05/23,438422.34434119205
10/06/23,438422.34434119205
10/07/23,438783.1470433477
10/08/23,438187.03823109047
10/09/23,432869.12014279567
10/10/23,435990.8478701428
10/11/23,444163.81342766964
10/12/23,446014.8881604685
10/13/23,444273.622945717
10/14/23,444461.8678337983
10/15/23,439457.69122563885
10/16/23,439457.69122563885
10/17/23,437762.6093112402
10/18/23,436529.82246440486
10/19/23,442770.80587650894
10/20/23,457487.1988606062
10/21/23,461170.1495655268
10/22/23,462325.887234435
10/23/23,509664.9021529132
10/24/23,522655.39355144097
10/25/23,531608.5080265829
10/26/23,526477.0327766306
10/27/23,522485.88536000106
10/28/23,525336.7049433079
